Prefix,num_cicloe,calle_prin,calle_secu
CE,1,RÍO SENA,RÍO BALSAS
CE,2,RÍO GUADALQUIVIR,RÍO NAZAS
CE,3,REFORMA,INSURGENTES
CE,4,RÍO NILO,RÍO PANUCO
CE,5,RÍO PÁNUCO ,RÍO TIBER
CE,6,RÍO PÁNUCO,RÍO SENA
CE,7,RÍO ELBA,RÍO LERMA
CE,8,REFORMA,GENERAL PRIM
CE,9,RÍO GUADALQUIVIR,RÍO LERMA
CE,10,REFORMA,RAMÍREZ
CE,11,RÍO AMAZONAS,RÍO LERMA
CE,12,RÍO LERMA,VILLALONGÍN
CE,13,REFORMA,RÍO MISSISSIPPI
CE,14,REFORMA,RÍO DE PLATA
CE,15,REFORMA,RÍO MISSISSIPPI
CE,16,REFORMA,RÍO TIBER
CE,17,REFORMA,RÍO TIBER
CE,18,REFORMA,RÍO RHIN
CE,19,REFORMA,RÍO RHIN
CE,20,REFORMA,RÍO TÁMESIS
CE,21,REFORMA,DUBLÍN
CE,22,REFORMA,MANCHESTER
CE,23,REFORMA,PRAGA
CE,24,REFORMA,VARSOVIA
CE,25,REFORMA,ESTOCOLMO
CE,26,REFORMA,VERSALLES
CE,27,REFORMA,HAVRE
CE,28,TOLEDO,TOKIO
CE,29,REFORMA,BUCARELI
CE,30,HAMBURGO,AMBERES
CE,31,HAMBURGO,INSURGENTES
CE,32,LONDRES,SEVILLA
CE,33,LONDRES,FLORENCIA
CE,34,LIVERPOOL,GÉNOVA
CE,35,LIVERPOOL,GÉNOVA
CE,36,PUEBLA,VERACRUZ
CE,37,GUADALAJARA,PUEBLA
CE,38,COZUMEL,PUEBLA
CE,39,PUEBLA,MEDELLÍN
CE,40,OAXACA,PUEBLA
CE,41,REFORMA,AV. DE LA REPÚBLICA
CE,42,SINALOA,VALLADOLID
CE,43,REVILLAGIGEDO,JUÁREZ
CE,44,DURANGO,VERACRUZ
CE,45,DURANGO,SONORA
CE,46,DURANGO,SALAMANCA
CE,47,PLAZA MADRID,MEDELLÍN
CE,48,INDEPENDENCIA,AZUETA
CE,49,MAZATLÁN,JUAN DE LA BARRERA
CE,50,CUERNAVACA,VERACRUZ
CE,51,COLIMA,OAXACA
CE,52,HIDALGO,TRUJANO
CE,53,FERNANDO MONTES DE OCA,TULA
CE,54,PARQUE ESPAÑA,SONORA
CE,55,5 DE MAYO,BOLÍVAR
CE,56,ALVARO OBREGÓN,MEDELLIN
CE,57,CUERNAVACA,JUAN ESCUTIA
CE,58,PARQUE ESPAÑA,JUAN DE LA BARRERA
CE,59,POPOCATÉPETL,ÁMSTERDAM
CE,60,MAZATLÁN,FERNANDO MONTES DE OCA
CE,61,AVENIDA MÉXICO,SONORA
CE,62,FERNANDO MONTES DE OCA,AMATLAN
CE,63,NUEVO LEÓN,LAREDO
CE,64,SONORA,ÁMSTERDAM
CE,65,MARCONI,TACUBA
CE,66,MAZATLÁN,FRANCISCO MÁRQUEZ
CE,67,VICENTE SUÁREZ,MICHOACÁN
CE,68,TAMAULIPAS,MICHOACÁN
CE,69,MICHOACÁN,ÁMSTERDAM
CE,70,PARQUE MÉXICO,MICHOACÁN
CE,71,AMSTERDAM,MICHOACAN
CE,72,MAZATLÁN,ALFONSO REYES
CE,73,CAMPECHE,TAMAULIPAS
CE,74,NUEVO LEÓN,OZULAMA
CE,75,ALFONSO REYES,ATLIXCO
CE,76,CHILPANCINGO,CAMPECHE
CE,77,CHOAPAN,TAMAULIPAS
CE,78,BENJAMÍN HILL,TAMAULIPAS
CE,79,SALTILLO,ALFONSO REYES
CE,80,NUEVO LEÓN,AGUASCALIENTES
CE,81,AGUASCALIENTES,INSURGENTES
CE,82,INDEPENDENCIA,MARROQUÍ
CE,83,ALFONSO REYES,NUEVO LEÓN
CE,84,CHILPANCINGO,TLAXCALA
CE,85,ROSAS MORENO,SULLIVAN
CE,86,SULLIVAN,INSURGENTES
CE,87,GANTE,VENUSTIANO CARRANZA
CE,88,2A CERRADA DE 5 DE MAYO,PALMA
CE,89,REPÚBLICA DE GUATEMALA,MONTE DE PIEDAD
CE,90,JOSÉ MARÍA PINO SUÁREZ,CORREGIDORA
CE,91,REPUBLICA DE CUBA,ALLENDE
CE,92,SAN ILDEFONSO,REPÚBLICA DE ARGENTINA
CE,93,PALMA NORTE,REPÚBLICA DE CUBA
CE,94,LIC. VERDAD,MONEDA
CE,95,20 DE NOVIEMBRE,VENUSTIANO CARRANZA
CE,96,LÓPEZ,AYUNTAMIENTO
CE,97,REPÚBLICA DE SALVADOR,PINO SUÁREZ
CE,98,EMILIO DONDÉ,AV. BALDERAS
CE,99,ERNESTO PUGIBET,LUIS MOYA
CE,100,20 DE NOVIEMBRE,MESONES
CE,102,ECHEVESTE,BOLIVAR
CE,103,JOAQUÍN VELÁZQUEZ DE LEÓN,GARCÍA ICAZBALCETA
CE,104,SAN JERÓNIMO,ISABEL LA CATÓLICA
CE,105,SAN JERÓNIMO,5 DE FEBRERO
CE,106,SAN JERÓNIMO,JOSÉ MARÍA PINO SUAREZ
CE,107-108,TOLSA,BALDERAS
CE,109,NEZAHUALCÓYOTL,ISABEL LA CATÓLICA
CE,110,DR. VALENZUELA,DR. RÍO DE LA LOZA
CE,111,GUILLERMO PRIETO,JOAQUÍN VELÁZQUEZ DE LEÓN
CE,112,AV. MORELOS,ABRAHAM GONZÁLEZ
CE,113,GENERAL PRIM,VERSALLES
CE,114,LUCERNA,ABRAHAM GONZÁLEZ
CE,115,ROMA,DINAMARCA
CE,116,LONDRES,ROMA
CE,117,LONDRES,NÁPOLES
CE,118,LIVERPOOL,DINAMARCA
CE,119,TURÍN,ABRAHAM GONZÁLEZ
CE,120,MARSELLA,NÁPOLES
CE,121,NIZA,CHAPULTEPEC
CE,122,JOSÉ MARÍA VÉRTIZ,AV. DR. RÍO DE LA LOZA
CE,123,CLAUDIO BERNARD,DR. LAVISTA
CE,124,CLAUDIO BERNARD,DR. LICEAGA
CE,125,MORELIA,CIRCULAR DE MORELIA
CE,126,JALAPA,PUEBLA
CE,127,PUEBLA,MERIDA
CE,128,ORIZABA,RÍO DE JANEIRO
CE,129,TONALÁ,DURANGO
CE,130,MÉRIDA,DURANGO
CE,131,COLIMA,JALAPA
CE,132,COLIMA,FRONTERA
CE,133,COLIMA,MORELIA
CE,134,ÁLVARO OBREGÓN,ORIZABA
CE,135,ÁLVARO OBREGÓN,MORELIA
CE,136,ÁLVARO OBREGÓN,TONALÁ
CE,137,ÁLVARO OBREGÓN,MÉRIDA
CE,138,GUANAJUATO,FRONTERA
CE,139,TONALÁ,GUANAJUATO
CE,140,MÉRIDA,ZACATECAS
CE,141,ZACATECAS,LUIS CABRERA
CE,142,SAN LUIS POTOSÍ,EJE 2 PTE. MONTERREY
CE,143,CÓRDOBA,SAN LUIS POTOSÍ
CE,144,FRONTERA,SAN LUIS POTOSÍ
CE,145,YUCATÁN,CHIAPAS
CE,146,COAHUILA,MANZANILLO
CE,147,COAHUILA,ORIZABA
CE,148,COAHUILA,AV. CUAUHTÉMOC
CE,149,MÉRIDA,ANTONIO M. ANZA
CE,150,CAMPECHE,MEDELLÍN
CE,151,CAMPECHE,TONALÁ
CE,152,TLACOTALPAN,CAMPECHE
CE,153,MANZANILLO,TLAXCALA
CE,154,TUXPAN,TLAXCALA
CE,155,JALAPA,TLAXCALA
CE,156,TEPIC,ARIO
CE,157,TEPIC,TLACOTALPAN
CE,158-159,HUATABAMPO,EJE 1 PTE. AV. CUAUHTÉMOC
CE,160,ALFONSO HERRERA,GABINO BARREDA
CE,161,QUINTANA ROO,MANZANILLO
CE,162,TEHUANTEPEC,MEDELLÍN
CE,163,TOLUCA,BAJÍO
CE,164,BAJÍO,TLACOTALPAN
CE,165,BAJÍO,EJE 2 PTE. MONTERREY
CE,166,PROGRESO,CDA. ANTONIO MACEO
CE,167,GENERAL SALVADOR ALVARADO,PROGRESO
CE,168,COMERCIO,PROGRESO
CE,169,PROSPERIDAD,PROGRESO
CE,170,OBSERVATORIO ORIENTE,REVOLUCIÓN
CE,171,COMERCIO,JOSE MARTÍ
CE,172,GENERAL FRANCISCO MURGUÍA,JOSÉ MARTÍ
CE,173,MINERÍA,JOSÉ MARTÍ
CE,174,JOAQUÍN GARCIA ICAZBALCETA,IGNACIO MANUEL ALTAMIRANO
CE,175,MUTUALISMO,JOSÉ MARTÍ
CE,176,AV. JESÚS GARCÍA,LUIS DONALDO COLOSIO
CE,177,BENJAMÍN HILL,CARLOS ZETINA
CE,178,TAMAULIPAS,FRANCISCO MURGUÍA
CE,179,NUEVO LEÓN,QUINTANA ROO
CE,180,QUINTANA ROO,VILLAHERMOSA
CE,181,BENJAMÍN FRANKLIN,OMETUSCO
CE,182,PROGRESO,ASTRÓNOMOS
CE,183,GABINO BARREDA,GUILLERMO PRIETO
CE,184,GENERAL GÓMEZ PEDRAZA,GOBERNADOR TIBURCIO MONTIEL
CE,185,GENERAL ANTONIO LÉON,GENERAL PEDRO ANTONIO DE LOS SANTOS
CE,186,GOB. GREGORIO V. GELATI,GRAL. FRANCISCO MOLINOS DEL CAMPO
CE,187,GENERAL CANO,GOBERNADOR GREGORIO V. GELATI
CE,188,GOBERNADOR MELCHOR MÚZQUIZ,GOBERNADOR IGNACIO ESTEVA
CE,189,GOBERNADOR RAFAEL REBOLLAR,GOBERNADOR JOSÉ CEBALLOS
CE,190,GOBERNADOR IGNACIO ESTEVA,MAESTRO JOSÉ VASCONCELOS
CE,191,GOBERNADOR RAFAEL REBOLLAR,GOBERNADOR VICENTE EGUÍA
CE,192-193,RUBÉN DARÍO,REFORMA
CE,194,CIRCUITO MAHATMA GANDHI,REFORMA
CE,195,REFORMA,CIRCUITO MAHATMA GANDHI
CE,196,LAGO TANGANICA,AV. EJÉRCITO NACIONAL
CE,197,PRESA FALCÓN,MIGUEL DE CERVANTES SAAVEDRA
CE,198,SÓCRATES,EJÉRCITO NACIONAL
CE,199,ANATOLE FRANCE,AV. EJÉRCITO NACIONAL
CE,200,EMERSON,AV. EJÉRCITO NACIONAL
CE,201,LOPE DE VEGA,AV. EJÉRCITO NACIONAL
CE,202,CALDERÓN DE LA BARCA,AV. HOMERO
CE,203,TENNYSON,AV. HOMERO
CE,204,TEMÍSTOCLES,HOMERO
CE,205,TAINE,HOMERO
CE,206,HOMERO,MOLIERE
CE,207,TORQUATO TASSO,HOMERO
CE,208,HESIODO,LAMARTINE
CE,209,SOLÓN,HORACIO
CE,210,EUGENIO SUE,HORACIO
CE,211,ISAAC NEWTON,HORACIO
CE,212,HEGEL,HORACIO
CE,213,SOLÓN,CICERÓN
CE,214,PLATÓN,HORACIO
CE,215,EDGAR ALAN POE,HORACIO
CE,216,ALEJANDRO DUMAS,HORACIO
CE,217,EULER,HORACIO
CE,218,HEGEL,IBARBOUROU
CE,219,ESOPO,FC DE CUERNAVACA
CE,220,PLINIO,PRESIDENTE MASARYK
CE,221,EMILIO CASTELAR,PRESIDENTE MASARYK
CE,222,ALEJANDRO DUMAS,PRESIDENTE MASARIK
CE,223,ISAAC NEWTON,PRESIDENTE MASARYK
CE,224,HEGEL,PRESIDENTE MASARYK
CE,225,PETRARCA,PRESIDENTE MASARYK
CE,226,WALLON,PRESIDENTE MASARYK
CE,227,CAMPOS ELÍSEOS,PERIFÉRICO
CE,228,CAMPOS ELÍSEOS,LA FONTAINE
CE,229,CARLOS DICKENS,SÉNECA
CE,230,EDGAR ALLAN POE,CARLOS DICKENS
CE,231,ISAAC NEWTON,ARISTÓTELES
CE,232,TAINE,RUBÉN DARÍO
CE,233,JULIO VERNE,LUIS G. URBINA
CE,234,TRES PICOS,ARQUÍMIDES
CE,235-236,CAMPOS ELÍSEOS,MOLIERE
CE,237-238,ANDRÉS BELLO,GEORGE ELIOT
CE,239,RINCÓN DEL BOSQUE,RUBEN DARÍO
CE,240,EJÉRCITO NACIONAL,F.C. DE CUERNAVACA
CE,241,EJÉRCITO NACIONAL,JUAN VÁZQUEZ DE LA MELLA
CE,242,PRÓL. MOLIERE,MIGUEL DE CERVANTES SAAVEDRA
CE,243,LAGO FILT,MIGUEL DE CERVANTES SAAVEDRA
CE,244,LAGO VICTORIA,MIGUEL DE CERVANTES SAAVEDRA
CE,245,LAGO ONEGA,AV. EJÉRCITO NACIONAL
CE,246,LEIBNITZ,THIERS
CE,247,HERSCHEL,ROUSSEAU
CE,248,SHAKESPEARE,LAFAYETTE
CE,249,SHAKESPEARE,DARWIN
CE,250,DARWIN,MARIANO ESCOBEDO
CE,251,GOETHE,DARWIN
CE,252,VÍCTOR HUGO,SHAKESPEARE
CE,253,DANTE,TOLSTOI
CE,254,ALFONSO HERRERA,MIGUEL SHULTZ
CE,255,JOSÉ ROSAS MORENO,GUILLERMO PRIETO
CE,256,GÓMEZ FARÍAS,SADI CARNOT
CE,257,MANUEL MARIA CONTRERAS,VILLALONGIN
CE,258,CIRCUITO INTERIOR,JUAN ESCUTIA
CE,259,TÓMAS ALVA EDISON,PONCIANO ARRIAGA
CE,260,AV. JUÁREZ,BALDERAS
CE,261,PASEO DE LA REFORMA,RÍO DE LA PLATA
CE,262,REPÚBLICA DE CUBA,REPÚBLICA DE BRASIL
CE,263,SADI CARNOT,GÓMEZ FARIAS
CE,264-275,HÉROES FERROCARRILEROS,JESÚS GARCIA
CE,265,MINA,JESÚS GARCÍA
CE,266-267,JESÚS GARCÍA,CARLOS J. MENESES
CE,268-269,LUIS DONALDO COLOSIO,AV. JESÚS GARCÍA
CE,270,DE LA REPÚBLICA,PONCIANO ARRIAGA
CE,271-272,JESÚS GARCÍA,CARLOS J. MENESES
CE,273-274,LUIS DONALDO COLOSIO,AV. JESÚS GARCÍA
CE,276,ANAXÁGORAS,OBRERO MUNDIAL
CE,277,PROLONGACIÓN TONALÁ,OBRERO MUNDIAL
CE,278,MIER Y PESADO,OBRERO MUNDIAL
CE,279,LA MORENA,PROVIDENCIA
CE,280,ANAXÁGORAS,OBRERO MUNDIAL
CE,281,PITÁGORAS,LA MORENA
CE,282,LA MORENA,EJE 2 PONIENTE GABRIEL MANCERA
CE,283,AV. COYOACÁN,RAFAEL DONDÉ
CE,284,DAKOTA,VERMONT
CE,285,12 DE OCTUBRE,MINERÍA
CE,286,13 DE SEPTIEMBRE,AVENIDA PATRIOTISMO
CE,287,13 DE SEPTIEMBRE,PUENTE DE LA MORENA
CE,288,11 DE ABRIL,AVENIDA 2
CE,290,YOSEMITE,COLORADO
CE,291,MAGDALENA,DIVISIÓN DEL NORTE
CE,292,ADOLFO PRIETO,EJE 4 SUR XOLA
CE,293,MIER Y PESADO,EJE 4 SUR XOLA
CE,294,NICOLÁS SAN JUAN,EJE 4 SUR XOLA
CE,295,ANAXÁGORAS,EJE 4 SUR XOLA
CE,296,DIAGONAL SAN ANTONIO,ENRIQUE RÉBSAMEN
CE,297,DIAGONAL SAN ANTONIO,ENRIQUE RÉBSAMEN
CE,298,ROMERO DE TERREROS,GABRIEL MANCERA
CE,299,ROMERO DE TERREROS,MIER Y PESADO
CE,300,PROVIDENCIA,LUZ SAVIÑÓN
CE,301,LUZ SAVIÑÓN,MAGDALENA
CE,302,LUZ SAVIÑÓN,MAGDALENA
CE,303,MONTECITO,AV. INSURGENTES
CE,304,MONTECITO,DAKOTA
CE,305,AVENIDA DEL PARQUE,ARIZONA
CE,306,DAKOTA,MINNESOTA
CE,307,MINNESOTA,DAKOTA
CE,308,NUEVA YORK,ARIZONA
CE,309,PENSILVANIA,ARIZONA
CE,310,CALLE 1,AV. PATRIOTISMO
CE,312,AVENIDA 2,CALLE 7
CE,313,PENSILVANIA,OKLAHOMA
CE,314,NUEVA YORK,LOUISIANA
CE,315,ALABAMA,MONTANA
CE,316,SAN FRANCISCO,CONCEPCIÓN BEISTEGUI
CE,317,AVENIDA COYOACÁN,TORRES ADALID
CE,318,LUZ SAVIÑÓN,AMORES
CE,319,DIAGONAL SAN ANTONIO,LUZ SAVIÑÓN
CE,320,ENRIQUE RÉBSAMEN,LUZ SAVIÑÓN
CE,321,TORRES ADALID,ANAXÁGORAS
CE,322,HERIBERTO FRÍAS,CONCEPCIÓN BEISTEGUI
CE,323,CONCEPCIÓN BEISTEGUI,GABRIEL MANCERA
CE,324,AMORES,AVENIDA EUGENIA
CE,325,PROVIDENCIA,AVENIDA DEL VALLE
CE,326,EUGENIA,NEBRASKA
CE,327,GEORGIA,PENSILVANIA
CE,328,AVENIDA 1,CALLE 7
CE,329,CALLE 13,AVENIDA 1
CE,330,CALLE 15,AVENIDA PATRIOTISMO
CE,331,AVENIDA 2,CALLE 17
CE,332,CALLE 27,AVENIDA 3
CE,333,GEORGIA,CAROLINA
CE,334,NUEVA YORK,AV. INSURGENTES
CE,335,MAGDALENA,AMEYALCO
CE,336,SAN BORJA,CDA. DR. J. BARTOLACHE
CE,337,SAN BORJA,MARTÍN MENDALDE
CE,338,NICOLÁS SAN JUAN,SAN BORJA
CE,339,ENRIQUE RÉBSAMEN,AVENIDA EUGENIA
CE,340,ANAXÁGORAS,AVENIDA EUGENIA
CE,341,SAN BORJA,AVENIDA CUAUHTÉMOC
CE,342,PITÁGORAS,AV. DIVISIÓN DEL NORTE
CE,343,ENRIQUE RÉBSAMEN,DIVISIÓN DEL NORTE
CE,345,PATRICIO SANZ,MIRAFLORES
CE,346,SAN FRANCISCO,SANTA MARGARITA
CE,347,PENSILVANIA,MAXIMINO AVILA CAMACHO
CE,348,INDIANA,AVENIDA SAN ANTONIO
CE,349,AUGUSTO RODIN,AVENIDA SAN ANTONIO
CE,351,CALLE 27,AVENIDA REVOLUCIÓN
CE,352,TINTORETO,GIORGIONE
CE,353,CAROLINA,HOLBEIN
CE,354,BOSTON,AV. INSURGENTES
CE,355,CALIFORNIA,SACRAMENTO
CE,356,MATÍAS ROMERO,ADOLFO PRIETO
CE,357,MATÍAS ROMERO,AMORES
CE,358,NICOLÁS SAN JUAN,MATIAS ROMERO
CE,359,MATÍAS ROMERO,PESTALOZZI
CE,360,HERIBERTO FRÍAS,MATIAS ROMERO
CE,361,PORFIRIO DÍAZ,CAPULÍN
CE,362,AUGUSTO RODIN,ALBERTO BALDERAS
CE,363,HOLBEIN,PAULO UCELLO
CE,365,HOLBEIN,AVENIDA REVOLUCIÓN
CE,366,PORFIRIO DÍAZ,AUGUSTO RODIN
CE,367,BOSTON,AUGUSTO RODIN
CE,369,PORFIRIO DÍAZ,AV. INSURGENTES
CE,370,TLACOQUEMÉCATL,AV. INSURGENTES
CE,371,TLACOQUEMÉCATL,CAPULÍN
CE,372,DR. ROBERTO GAYOL,TLACOQUEMÉCATL
CE,373,PILARES,GABRIEL MANCERA
CE,374,PITÁGORAS,PILARES
CE,375,TENAYUCA,DIVISIÓN DEL NORTE
CE,377,HERIBERTO FRÍAS,MIGUEL LAURENT
CE,378,MIGUEL LAURENT,AMORES
CE,380,MORAS,SAN LORENZO
CE,381,SAN LORENZO,MANZANAS
CE,384,EMPRESA,POUSSIN
CE,385,POUSSIN,EMPRESA
CE,386,POUSSIN,DONATELLO
CE,387,CADIZ,EMPRESA
CE,389,SANTANDER,FÉLIX CUEVAS
CE,390-391,OSO,FÉLIX CUEVAS
CE,392,PATRICIO SANZ,FÉLIX CUEVAS
CE,393,ADOLFO PRIETO,FÉLIX CUEVAS
CE,394,DR. ROBERTO GAYOL,FÉLIX CUEVAS
CE,395,SAN LORENZO,MARTÍN MENDALDE
CE,396,MARTIN MENDALDE,FELIX CUEVAS
CE,397,SAN LORENZO,GABRIEL MANCERA
CE,398,JUAN SÁNCHEZ AZCONA,FÉLIX CUEVAS
CE,399,HERIBERTO FRÍAS,SAN LORENZO
CE,401,SAN LORENZO,AVENIDA CUAUHTÉMOC
CE,402,UXMAL,MUNICIPIO LIBRE
CE,404,MIGUEL LAURENT,AVENIDA DIVISIÓN DEL NORTE
CE,405,DIVISIÓN DEL NORTE,MUNICIPIO LIBRE
CE,407,PROLONGACIÓN XOCHICALCO,GENERAL EMILIANO ZAPATA
CE,409,AZORES,DIVISIÓN DEL NORTE
CE,412,PARROQUIA,AVENIDA UNIVERSIDAD
CE,413,PARROQUIA,AVENIDA COYOACÁN
CE,414,PARROQUIA,JOSÉ IGNACIO BARTOLACHE
CE,415,SAN FRANCISCO,PARROQUIA
CE,416,RECREO,PARROQUIA
CE,417,GOYA,AUGUSTO RODIN
CE,419,ACTIPAN,CADIZ
CE,420,MARÍA LUZ BRINGAS,OSO
CE,421,MARÍA LUZ BRINGAS,OSO
CE,422,BÚFALO,JOSÉ MARÍA RICO (EJE 8)
CE,423,MORAS,JOSÉ MARÍA RICO (EJE 8)
CE,424,AMORES,JOSÉ MARÍA RICO (EJE 8)
CE,425,NICOLAS SAN JUAN,AVENIDA UNIVERSIDAD
CE,427,AVENIDA MÉXICO,COYOACÁN-AV. POPOCATÉPETL (EJE 8)
CE,428,PROLONGACIÓN UXMAL,AV. POPOCATÉPETL (EJE 8)
CE,429,PIRINEOS,AV. POPOCATÉPETL (EJE 8)
CE,430,TRIPOLI,AV. POPOCATÉPETL (EJE 8)
CE,432,CARRILLO PUERTO,AVENIDA MÉXICO-COYOACAN
CE,433,JOSE MARÍA OLLOQUI,LOPÉZ COTILLA
CE,434,JOSE MARÍA OLLOQUI,AMORES
CE,436,RODRÍGUEZ SARO,BÚFALO
CE,437,MORAS,COMUNAL
CE,438,ADOLFO PRIETO,JOSÉ MARÍA OLLOQUI
CE,439,AMORES,AVENIDA COYOACÁN
CE,440,MARTIN MENDALDE,M. LÓPEZ COTILLA
CE,441,PUENTE XOCO,REAL DE MAYORAZGO
CE,442,REAL DE MAYORAZGO,AVENIDA MÉXICO - COYOACÁN
CE,443,BRUNO TRAVEN,GOLONDRINAS
CE,444,GENERAL MANUEL RINCÓN,AGUSTÍN GUTIERREZ
CE,445-446,RIFF,AVENIDA RÍO CHURUBUSCO
CE,447,AGUSTÍN MELGAR,ZAMORA
CE,448,DR. ANDRADE,ARCOS DE BELÉN
CE,449,ACAPULCO,PUEBLA
CE,450,RAMOS ARIZPE,AV MÉXICO TENOCHTITLAN
CE,451,CAMPOS ELÍSEOS,GOLDSMITH
CE,452,LEIBNITZ,AV. EJERCITO NACIONAL
CE,453,PEDREGAL,TEAPA
CE,454,MONTES URALES,MONTE PELVOUX
CE,455,PEDREGAL,FERROCARRIL DE CUERNAVACA
CE,456,ALPES,MONTES ESCANDINAVOS
CE,457,AV. PRADO NORTE,EXPLANADA
CE,458,MONTES URALES,VOLCÁN
CE,459,VOLCÁN,MONTES URALES
CE,460,JUAN VÁZQUEZ DE MELLA,HOMERO
CE,461,PRESA DON MARTÍN,BOULEVARD MIGUEL DE CERVANTES SAAVEDRA
CE,462,PRESA FALCÓN,PRESA DANXHÓ
CE,463,LAGO ANDRÓMACO,LAGO ZURICH
CE,464,MATEO ALEMÁN,PROLONGACIÓN MOLIERE
CE,465,LAGO GINEBRA,LAGO WETTER
CE,466,LAGO ONEGA,LAGO LADOGA
CE,467,LAGO MAYOR,LAGO ALBERTO
CE,468,LAGO XOCHIMILCO,AV. EJÉRCITO NACIONAL
CE,469,BAHÍA DE LA CONCEPCIÓN,BAHÍA DE TODOS LOS SANTOS
CE,470,BAHÍA DE LAS PALMAS,BAHÍA DE TODOS LOS SANTOS
CE,471,BAHÍA DE CHACHALACAS,BAHÍA DE SANTA BÁRBARA
CE,472,BAHÍA DE SANTA BÁRBARA,BAHÍA DE BALLENAS
CE,473,BAHÍA DEL ESPÍRITU SANTO,BAHÍA DE BANDERAS
CE,474,BAHÍA DE SAN HIPÓLITO,BAHÍA DEL ESPÍRITU SANTO
CE,475,LAGO MURITZ,LAGO ALBERTO
CE,476,LAGO COMO,LAGUNA DE MAYRÁN
CE,477,LAGO ISEO,LAGUNA DE MAYRÁN
CE,478,LAGUNA DE MAYRÁN,LAGO CHALCO
CE,479,LAGO MURITZ,AV.MARINA NACIONAL
CE,480,LAGO ISEO,AV. MARINA NACIONAL
CE,481,LAGO GARDA,MARIANO ESCOBEDO
CE,482,LAGO XOCHIMILCO,LAGUNA DE SAN CRISTÓBAL
CE,483,COLEGIO SALESIANO,MARINA NACIONAL
CE,484,LAGUNA MAYRAN,LAGO CUITZEO
CE,485,LAGO DE PÁTZCUARO,MARINA NACIONAL
CE,486,IZCOATL,CIRCUITO INTERIOR MELCHOR OCAMPO
CE,487,NOPALTZIN,QUETZALCOATL
CE,488,HUETZIN,CUITLÁHUAC
CE,489,LAGO CHALCO,LAGUNA TAMIAHUA
CE,490,LAGO GARDA,FFCC
CE,491,COLEGIO SALESIANO,LAGO CATEMACO
CE,492,LAGO CUITZEO,FELIPE CARRILLO PUERTO
CE,493,LAGO TLÁHUAC,LAGUNA DE GUZMÁN
CE,494,TLÁLOC,CALZADA MÉXICO TACUBA
CE,495,AMADO NERVO,DE LOS MAESTROS
CE,496,MAESTRO RURAL,JOSÉ PARRES
CE,497,MANUEL CARPIO,PLAN DE AYALA
CE,498,DE LOS MAESTROS,PLAN DE AGUA PRIETA
CE,499,DE LOS MAESTROS,CALZADA DE LOS GALLOS
CE,500,PLAN DE GUADALUPE /FERROCARRIL DE CUERNAVACA,JUAN SARABIA
CE,501,PLAN DE GUADALUPE /FERROCARRIL DE CUERNAVACA,ELIGIO ANCONA
CE,502,MAR MEDITERRÁNEO,CALLEJÓN DE LA ZANJA
CE,503,NEXTITLA,MAR EGEO
CE,504,MAR BLANCO,CALZADA MÉXICO TACUBA
CE,505,MAR NEGRO,MARIANO ESCOBEDO
CE,506,MAR MEDITERRÁNEO,MAR ARÁBIGO
CE,507,MAR MEDITERRÁNEO,AZCAPOTZALCO
CE,508,LIBERTAD,C. JOSÉ SÁNCHEZ TRUJILLO
CE,509,JUÁREZ,VENECIA
CE,510,EGIPTO,CALLE NORTE 79 A
CE,511,PALESTINA,EGIPTO
CE,512,CLAVERÍA,FLORESTA
CE,513,AV. AQUILES SERDÁN,AV. INVIERNO
CE,514,JOSÉ F. GUTIÉRREZ,INVIERNO
CE,515,TEBAS,C. SALÓNICA
CE,516,TEXCOCO,NILO
CE,517,IGNACIO ALLENDE,CLAVERÍA
CE,518,HELIÓPOLIS,NORTE 79A
CE,519,PONIENTE 58,CUITLÁHUAC
CE,520,SALÓNICA,EJE 3 NORTE CAMARONES
CE,521,YUCA,CLAVELINAS
CE,522,PROL. NUECES,AV. CUITLAHUAC
CE,523,TORONJIL,AV. CUITLAHUAC
CE,524,MALVÓN,JUAN SARABIA
CE,525,BOLDO,TILA
CE,526,TORONJIL,MEJORANA
CE,527,BOLDO,ALCANFORES
CE,528,TLATILCO,AV. JARDÍN
CE,529,AV PLAN DE SAN LUIS,CALLE CLAVELINAS
CE,530,MEMBRILLO,CDA. NUECES
CE,531,NORTE 67,PONIENTE 44
CE,532,AV. BIÓLOGO MAXIMINO MARTÍNEZ,CAMARONES
CE,533,AV PLAN DE SAN LUIS,EULALIA GÚZMAN
CE,534,TLATILCO,JAZMÍN
CE,535,AV. JARDÍN,ORQUÍDEA
CE,536,FRESNO,EULALIA GUZMÁN (EJE 2 NORTE)
CE,537,FRESNO,CLAVEL
CE,538,NOGAL,ELIGIO ANCONA
CE,539,NARANJO,AV. RICARDO FLORES MAGON
CE,540,EUCALIPTO,RICARDO FLORES MAGÓN
CE,541,ELIGIO ANCONA,NARANJO
CE,542,DR. ENRIQUE GONZÁLEZ MARTÍNEZ,ELIGIO ANCONA
CE,543,JAIME TORRES BODET,MANUEL CARPIO
CE,544,SALVADOR DÍAZ MIRÓN,NOGAL
CE,545,SABINO,SALVADOR DÍAZ MIRÓN
CE,546,SALVADOR DÍAZ MIRÓN,SANTA MARÍA LA RIBERA
CE,547,DR. ENRIQUE GONZÁLEZ MARTÍNEZ,SALVADOR DÍAZ MIRÓN
CE,548,DR. MARIANO AZUELA,JOSE ANTONIO ALZATE
CE,549,SOR JUANA INES DE LA CRUZ,DR. ATL
CE,550,SOR JUANA INES DE LA CRUZ,FRESNO
CE,551,NOGAL,RIBERA DE SAN COSME
CE,552,FRESNO,RIBERA DE SAN COSME
CE,553,JAIME TORRES BODET,RIBERA DE SAN COSME
CE,554,HEROES FERROCARRILEROS,MARIANO AZUELA
CE,555,RIBERA DE SAN COSME,INSURGENTES CENTRO
CE,556,PLAZA TLAXCOAQUE,DIAGONAL 20 DE NOVIEMBRE
CE,557,5 DE FEBRERO,FERNANDO DE ALVA IXTLILXOCHITL
CE,558,CHIMALPOPOCA,SIMÓN BOLÍVAR
CE,559,FERNANDO DE ALVA IXTLILXOCHITL,DIAGONAL 20 DE NOVIEMBRE
CE,560,DOCTOR LICEAGA,EJE CENTRAL
CE,561,DR. JIMÉNEZ,DR. LAVISTA
CE,562,CLAUDIO BERNARD,JOSÉ MARÍA VERTIZ
CE,563,DOCTOR VELASCO,NIÑOS HÉROES
CE,564,DOCTOR CARMONA Y VALLE,DOCTOR VELASCO
CE,565,DR. MARTINEZ DEL RIO,DR. LUCIO
CE,566,DR. JIMÉNEZ,DR. GARCÍA DIEGO
CE,567,DOCTOR MARTÍNEZ DEL RÍO,DOCTOR JOSÉ TERRÉS
CE,568,DOCTOR BARRAGÁN,DOCTOR ERAZO
CE,569,GUTIÉRREZ NÁJERA,BOLÍVAR
CE,570,ALFREDO CHAVERO,SIMÓN BOLÍVAR
CE,571,MANUEL M. FLORES,CALZADA SAN ANTONIO ABAD
CE,572,MANUEL J. OTHÓN,JOSÉ T. CUELLAR
CE,573,FERNANDO RAMÍREZ,ISABEL LA CATÓLICA
CE,574,JOSÉ MARÍA ROA BÁRCENAS,SIMÓN BOLÍVAR
CE,575,FERNANDO RAMÍREZ,EJE CENTRAL
CE,576,DOCTOR ARCE,JOSE MARIA VERTIZ
CE,577,DOCTOR MÁRQUEZ,DOCTOR JIMÉNEZ
CE,578,DOCTOR JIMÉNEZ,DOCTOR FEDERICO GÓMEZ SANTOS
CE,579,DOCTOR MÁRQUEZ,PRIVADA DOCTOR DURAN
CE,580,ANTONIO SOLÍS,BOLÍVAR
CE,581,JOSÉ MARÍA ROA BÁRCENAS,SAN ANTONIO ABAD
CE,582,ANTONIO SOLIS,SAN ANTONIO ABAD
CE,583,ÁNGEL DEL CAMPO,5 DE FEBRERO
CE,584,ENRIQUE GRANADOS,JOSÉ PEÓN CONTRERAS (EJE 3)
CE,585,JOSÉ TORIBIO MEDINA,MANUEL NAVARRETE
CE,586,BERNARDO COUTO,JUAN E. HERNÁNDEZ Y DAVALOS
CE,587,JOSE TORIBIO MEDINA,MARCELINO DAVALOS
CE,588,AV. FERNANDO,LA CORUÑA
CE,589,CÁDIZ,CALZADA DE TLALPAN
CE,590,FERNANDO,ISABEL LA CATÓLICA
CE,591,SIMÓN BOLÍVAR,LA CORUÑA
CE,592,CÁDIZ,EJE CENTRAL LÁZARO CÁRDENAS
CE,593,ZEMPOALA,DIAGONAL DE SAN ANTONIO
CE,594,XOCHICALCO,OBRERO MUNDIAL
CE,595,YACATAS,DIAGONAL DE SAN ANTONIO
CE,596,CUMBRES DE MALTRATA,UXMAL
CE,597,DIAGONAL SAN ANTONIO,ICACOS
CE,598,PALENQUE,CUMBRES DE MALTRATA
CE,599,LA MORENA,ZEMPOALA
CE,600,CUMBRES DE ACULTZINGO,AV. UNIVERSIDAD
CE,601,NAVARRA,FERNANDO
CE,602,CORRESPONDENCIA,EJE CENTRAL LÁZARO CÁRDENAS
CE,603,CASTILLA,EJE 4 SUR XOLA
CE,604,ANDALUCÍA,CARTEROS
CE,605,5 DE FEBRERO,ALFONSO XIII
CE,606,ALFONSO XIII,ARAGÓN
CE,607,UNIÓN POSTAL,CALZADA DE TLALPAN
CE,608,AHORRO POSTAL,FRANCISCO MÁRQUEZ
CE,609,ROMERO,CALZADA DE TLALPAN
CE,610,AV. VÍCTOR HUGO,AV. NIÑOS HÉROES DE CHAPULTEPEC
CE,611,MIGUEL NEGRETE,NIÑOS HÉROES DE CHAPULTEPEC
CE,612,TORRES ADALID,CUMBRES DE MALTRATA
CE,613,LUZ SAVIÑÓN,DOCTOR JOSÉ MARÍA VERTIZ
CE,614,TORRES ADALID,AV. CUAUHTÉMOC
CE,615,TAJÍN,UNIVERSIDAD
CE,616,PETÉN,EJE 5 SUR
CE,617,MITLA,EJE 5 SUR
CE,618,BARTOLOMÉ R. SALIDO,EDZNA
CE,619,KIFF,RAFAEL SOLANA VERDUGUILLO
CE,620,FERNANDO MONTES DE OCA,PRIV. LAGO
CE,621,LAGO PONIENTE,CALZADA DE TLALPAN
CE,622,FERNANDO MONTES DE OCA,EJE 6 SUR
CE,623,FERNANDO MONTES DE OCA,ANTONIO RODRÍGUEZ
CE,624,LUIS SPOTA,EJE CENTRAL LÁZARO CÁRDENAS
CE,625,ZEMPOALA,ANGEL URRAZA
CE,626,SAN BORJA,PETÉN
CE,627,SAN BORJA,AV. UNIVERSIDAD
CE,628,TENAYUCA,CHICHEN ITZÁ
CE,629,TAJÍN,CHICHEN ITZÁ
CE,630,CUICUILCO,MOTOZINTLA
CE,631,MIGUEL LAURENT,EJE CENTRAL
CE,632,VICTOR HUGO,SEVILLA
CE,633,CANARIAS,CALZADA SANTA CRUZ
CE,634,RUMANIA,VÍCTOR HUGO
CE,635,CALZADA SANTA CRUZ,ANTILLAS
CE,636,AJUSCO,ANTILLAS
CE,637,AJUSCO,EMPERADORES
CE,638,AV PIRINEOS,C. ANTILLAS
CE,639,BULGARIA,RUMANIA
CE,640,ODESA,BULGARIA
CE,641,SEVILLA,AV. PRESIDENTES
CE,642,REPÚBLICAS,MONROVIA
CE,643,FILIPINAS,AV. PIRINEOS
CE,644,MONROVIA,POPOCATÉPETL (EJE 8 SUR)
CE,645,SARATOGA,AJUSCO
CE,646,RUMANIA,AV. POPOCATÉPETL
CE,647,ANTILLAS,NEVADO
CE,648,RAFAEL OLIVIA,20 DE AGOSTO
CE,649,HÉROES DEL 47,CALZADA DE TLALPAN
CE,650,XICOTÉNCATL,PROLONGACIÓN XICOTÉNCATL
CE,651,HÉROES DEL 47,DIVISIÓN DEL NORTE
CE,652,XICOTÉNCATL,DIVISIÓN DEL NORTE
CE,653,LONDRES,DIVISIÓN DEL NORTE
CE,654,LONDRES,SAN PEDRO
CE,655,GOMEZ FARIAS,VIENA
CE,656,IGNACIO ALLENDE,PARIS
CE,657,MADRID,CENTENARIO
CE,658,VICENTE GUERRERO,BERLÍN
CE,659,MADRID,AVENIDA MEXICO
CE,660,JOSEFA ORTIZ DE DOMINGUEZ,CIRCUITO INTERIOR
CE,661,MADRID,UNIVERSIDAD
CE,662,MANZANO,CIRCUITO INTERIOR
CE,663,HORTENSIA,AVENIDA UNIVERSIDAD
CE,664,HORTENSIA,2DA CERRADA DE MINERVA
CE,665,MORAS,MANGO
CE,666,MORAS,NARANJO
CE,667,HERMES,MOSQUETA
CE,668,PLATEROS,CAPUCHINAS
CE,669,LOS JUAREZ,SAGREDO
CE,670,FELIX PARRA,FLAMENCOS
CE,671,PLATEROS,JOSE MARÍA VELASCO
CE,672,JOSÉ MARÍA VELASCO,DAMAS
CE,673,MIGUEL NOREÑA,JOSÉ MARÍA IBARRARÁN
CE,674,SILVESTRE REVUELTAS,MACEDONIO ALCALÁ
CE,675,MANUEL CASTRO PADILLA,AV. REVOLUCIÓN
CE,676,RICARDO PALMERÍN,ABUNDIO MARTÍNEZ
CE,677,JUAN PABLO II,AV. DE LOS INSURGENTES SUR
CE,678,FRANCIA,TECOYOTITLA
CE,679,OLIVO,TECOYOTITLA
CE,680,DIEGO BECERRA,AV. REVOLUCIÓN
CE,681,GUTY CÁRDENAS,RICARDO CASTRO
CE,682,MANUEL M. PONCE,FERNANDO M. VILLALPANDO
CE,683,PEDRO LUIS OGAZÓN,INSURGENTES SUR
CE,684,VITO ALESSIO ROBLES,TECOYOTITLA
CE,685,AV DE LA PAZ,INSURGENTES
CE,686,VITO ALESSIO ROBLES,UNIVERSIDAD
CE,687,FRANCISCO SOSA,PANZACOLA
CE,688,PANZACOLA,MIGUEL ÁNGEL DE QUEVEDO
CE,689,G. PÉREZ VALENZUELA,SALVADOR NOVO
CE,690,TATA VASCO,AV. MIGUEL ÁNGEL DE QUEVEDO
CE,691,MELCHOR OCAMPO,DULCE OLIVIA
CE,692,PRESIDENTE CARRANZA,FRANCISCO SOSA
CE,693,XICOTÉNCATL,VICENTE GUERRERO
CE,694,IGNACIO ALDAMA,CENTENARIO
CE,695,MALINTZIN,ALLENDE
CE,696,MÉXICO,MALINTZIN
CE,697,FRANCISCO SOSA,TRES CRUCES
CE,698,CERRADA ZAMORA,AV. MIGUEL ÁNGEL DE QUEVEDO
CE,699,SAN GREGORIO,FELIPE CARRILLO PUERTO
CE,700,ABASOLO,MIGUEL HIDALGO
CE,701,CUAUHTÉMOC,MORELOS
CE,702,FERNÁNDEZ LEAL,PLAZA DE LA CONCHITA
CE,703,MIGUEL HIDALGO,CALZADA GENERAL ANAYA
CE,704,PACÍFICO,ASIA
CE,705,EUROPA,MIGUEL ÁNGEL DE QUEVEDO
CE,706,CANADÁ,ACOLOTITLA
CE,707,IRLANDA,DIVISIÓN DEL NORTE
CE,708,IRLANDA,CANADA
CE,709,INGLATERRA,ANTIGUA TAXQUEÑA
CE,710,MOLINO DEL REY,GLORIETA DE LA LEALTAD
CE,711,MOLINO DEL REY,AV. CONSTITUYENTES
